--
-- PostgreSQL database dump
--

\restrict tZmSfwdGj0vyoRcTzcyfSc6jzRkAkQVgDaReJQaOJ5p9K1VvQzqHqsaVVoWXAPR

-- Dumped from database version 17.6 (Debian 17.6-2.pgdg13+1)
-- Dumped by pg_dump version 17.6 (Debian 17.6-2.pgdg13+1)

SET statement_timeout = 0;
SET lock_timeout = 0;
SET idle_in_transaction_session_timeout = 0;
SET transaction_timeout = 0;
SET client_encoding = 'UTF8';
SET standard_conforming_strings = on;
SELECT pg_catalog.set_config('search_path', '', false);
SET check_function_bodies = false;
SET xmloption = content;
SET client_min_messages = warning;
SET row_security = off;

SET default_tablespace = '';

SET default_table_access_method = heap;

--
-- Name: Courses; Type: TABLE; Schema: public; Owner: dekel
--

CREATE TABLE public."Courses" (
    id uuid NOT NULL,
    title text NOT NULL,
    description text NOT NULL,
    price_amount numeric NOT NULL,
    price_currency text NOT NULL,
    updated_at_utc timestamp with time zone NOT NULL,
    course_images jsonb,
    enrollment_count integer DEFAULT 0 NOT NULL,
    instructor_id uuid NOT NULL,
    status text DEFAULT ''::text NOT NULL,
    lesson_count integer DEFAULT 0 NOT NULL
);


ALTER TABLE public."Courses" OWNER TO dekel;

--
-- Name: Enrollments; Type: TABLE; Schema: public; Owner: postgres
--

CREATE TABLE public."Enrollments" (
    id uuid NOT NULL,
    course_id uuid NOT NULL,
    student_id uuid NOT NULL,
    enrolled_at_utc timestamp with time zone NOT NULL,
    expires_at_utc timestamp with time zone NOT NULL,
    status text DEFAULT ''::text NOT NULL
);


ALTER TABLE public."Enrollments" OWNER TO postgres;

--
-- Name: Lessons; Type: TABLE; Schema: public; Owner: dekel
--

CREATE TABLE public."Lessons" (
    id uuid NOT NULL,
    title text NOT NULL,
    description text DEFAULT ''::text NOT NULL,
    video_url text,
    thumbnail_image_url text,
    index integer NOT NULL,
    duration interval DEFAULT '00:00:00'::interval NOT NULL,
    course_id uuid NOT NULL,
    access text DEFAULT ''::text NOT NULL,
    status text DEFAULT ''::text NOT NULL
);


ALTER TABLE public."Lessons" OWNER TO dekel;

--
-- Name: Users; Type: TABLE; Schema: public; Owner: postgres
--

CREATE TABLE public."Users" (
    id uuid NOT NULL,
    first_name text NOT NULL,
    last_name text NOT NULL,
    email text NOT NULL,
    avatar_url text
);


ALTER TABLE public."Users" OWNER TO postgres;

--
-- Name: __EFMigrationsHistory; Type: TABLE; Schema: public; Owner: dekel
--

CREATE TABLE public."__EFMigrationsHistory" (
    migration_id character varying(150) NOT NULL,
    product_version character varying(32) NOT NULL
);


ALTER TABLE public."__EFMigrationsHistory" OWNER TO dekel;

--
-- Name: inbox_state; Type: TABLE; Schema: public; Owner: dekel
--

CREATE TABLE public.inbox_state (
    id bigint NOT NULL,
    message_id uuid NOT NULL,
    consumer_id uuid NOT NULL,
    lock_id uuid NOT NULL,
    row_version bytea,
    received timestamp with time zone NOT NULL,
    receive_count integer NOT NULL,
    expiration_time timestamp with time zone,
    consumed timestamp with time zone,
    delivered timestamp with time zone,
    last_sequence_number bigint
);


ALTER TABLE public.inbox_state OWNER TO dekel;

--
-- Name: inbox_state_id_seq; Type: SEQUENCE; Schema: public; Owner: dekel
--

ALTER TABLE public.inbox_state ALTER COLUMN id ADD GENERATED BY DEFAULT AS IDENTITY (
    SEQUENCE NAME public.inbox_state_id_seq
    START WITH 1
    INCREMENT BY 1
    NO MINVALUE
    NO MAXVALUE
    CACHE 1
);


--
-- Name: outbox_message; Type: TABLE; Schema: public; Owner: dekel
--

CREATE TABLE public.outbox_message (
    sequence_number bigint NOT NULL,
    enqueue_time timestamp with time zone,
    sent_time timestamp with time zone NOT NULL,
    headers text,
    properties text,
    inbox_message_id uuid,
    inbox_consumer_id uuid,
    outbox_id uuid,
    message_id uuid NOT NULL,
    content_type character varying(256) NOT NULL,
    message_type text NOT NULL,
    body text NOT NULL,
    conversation_id uuid,
    correlation_id uuid,
    initiator_id uuid,
    request_id uuid,
    source_address character varying(256),
    destination_address character varying(256),
    response_address character varying(256),
    fault_address character varying(256),
    expiration_time timestamp with time zone
);


ALTER TABLE public.outbox_message OWNER TO dekel;

--
-- Name: outbox_message_sequence_number_seq; Type: SEQUENCE; Schema: public; Owner: dekel
--

ALTER TABLE public.outbox_message ALTER COLUMN sequence_number ADD GENERATED BY DEFAULT AS IDENTITY (
    SEQUENCE NAME public.outbox_message_sequence_number_seq
    START WITH 1
    INCREMENT BY 1
    NO MINVALUE
    NO MAXVALUE
    CACHE 1
);


--
-- Name: outbox_state; Type: TABLE; Schema: public; Owner: dekel
--

CREATE TABLE public.outbox_state (
    outbox_id uuid NOT NULL,
    lock_id uuid NOT NULL,
    row_version bytea,
    created timestamp with time zone NOT NULL,
    delivered timestamp with time zone,
    last_sequence_number bigint
);


ALTER TABLE public.outbox_state OWNER TO dekel;

--
-- Data for Name: Courses; Type: TABLE DATA; Schema: public; Owner: dekel
--

COPY public."Courses" (id, title, description, price_amount, price_currency, updated_at_utc, course_images, enrollment_count, instructor_id, status, lesson_count) FROM stdin;
019b8452-6f1c-7169-a3ab-d5c8b1eb711f	New course	test test	0	ILS	2026-01-03 14:45:53.564973+00	[]	0	019b3673-a9e3-7d97-98ce-3fc9b3cf4fa6	Draft	0
019b7d75-98dd-783d-b31f-c2ff0bf8c01d	test1	test2	0	ILS	2026-01-02 06:46:57.501149+00	[]	0	019b3673-a9e3-7d97-98ce-3fc9b3cf4fa6	Draft	0
019b8919-1e67-7f90-9f47-cabc8b828ea7	test1	test2	0	ILS	2026-01-04 13:01:23.431689+00	[]	0	019b3673-a9e3-7d97-98ce-3fc9b3cf4fa6	Draft	0
019ba2b5-873e-71fa-b0de-2454e49545ee	Editing test	asdw	0	ILS	2026-01-09 16:51:42.395474+00	[]	0	019b3673-a9e3-7d97-98ce-3fc9b3cf4fa6	Draft	1
019ba2b6-4e5b-71fd-bd35-7b8ac3727a79	adc	asdw	0	ILS	2026-01-09 16:34:33.73295+00	[{"Path": "images/asfawfawasdsadfsf.jpg"}]	0	019b3673-a9e3-7d97-98ce-3fc9b3cf4fa6	Draft	0
019ba2b6-f797-71d0-9153-880ea9aa6f4c	adc	asdw	0	ILS	2026-01-09 16:32:01.525979+00	[{"Path": "images/my-test-image.jpg"}, {"Path": "images/asfawfawfsf.jpg"}, {"Path": "images/asfawfawsadfsf.jpg"}]	0	019b3673-a9e3-7d97-98ce-3fc9b3cf4fa6	Draft	0
019ba2b8-198a-7e73-bb30-a07e27c0d920	adc	asdw	0	ILS	2026-01-09 12:25:32.811131+00	[]	0	019b3673-a9e3-7d97-98ce-3fc9b3cf4fa6	Draft	0
019ba2b8-63fd-7c67-ab01-759a05e5393c	adc	asdw	0	ILS	2026-01-09 12:25:51.869431+00	[]	0	019b3673-a9e3-7d97-98ce-3fc9b3cf4fa6	Draft	0
019ba2bc-ca4f-7f11-b406-74d645076a50	adc	asdw	0	ILS	2026-01-09 12:30:40.208098+00	[]	0	019b3673-a9e3-7d97-98ce-3fc9b3cf4fa6	Draft	0
019ba2bf-fdd9-77d3-ae68-bf1e4dff7eb5	adc	asdw	0	ILS	2026-01-09 12:38:54.780518+00	[]	0	019b3673-a9e3-7d97-98ce-3fc9b3cf4fa6	Draft	0
019ba2d8-cb4f-7de2-a152-77f4412871dc	adc	asdw	0	ILS	2026-01-09 13:01:15.471892+00	[]	0	019b3673-a9e3-7d97-98ce-3fc9b3cf4fa6	Draft	0
019ba2d8-ded3-7868-9a38-2802932bcadd	adc	asdw	0	ILS	2026-01-09 13:01:20.46793+00	[]	0	019b3673-a9e3-7d97-98ce-3fc9b3cf4fa6	Draft	0
019ba2d9-5cd6-7818-b778-801d37468911	adc	asdw	0	ILS	2026-01-09 13:01:52.726842+00	[]	0	019b3673-a9e3-7d97-98ce-3fc9b3cf4fa6	Draft	0
019ba2dc-870d-7078-bf9b-c2b6023e3a58	adc	asdw	0	ILS	2026-01-09 13:05:20.14206+00	[]	0	019b3673-a9e3-7d97-98ce-3fc9b3cf4fa6	Draft	0
019ba2dd-d210-7b73-b365-64efed135173	adc	asdw	0	ILS	2026-01-09 13:07:01.310678+00	[]	0	019b3673-a9e3-7d97-98ce-3fc9b3cf4fa6	Draft	1
019b7d74-7ec0-752f-a5fa-31af471b4263	test1		0	ILS	2026-01-02 06:45:45.280787+00	[]	0	019b3673-a9e3-7d97-98ce-3fc9b3cf4fa6	Draft	0
019b7d74-ec7b-757b-9841-0fd008e4d7cc	test1	test2	0	ILS	2026-01-02 06:46:13.371595+00	[]	0	019b3673-a9e3-7d97-98ce-3fc9b3cf4fa6	Draft	0
019a6842-5d4e-79da-96fd-e254010c83ea	C# course		0	ILS	2026-01-04 11:17:17.797962+00	[]	0	019b3673-a9e3-7d97-98ce-3fc9b3cf4fa6		0
019ba37f-bbe6-7b49-8d00-be293feb2713	aefaefaf	asfasf	0	ILS	2026-01-09 16:03:36.038591+00	[]	0	019b3673-a9e3-7d97-98ce-3fc9b3cf4fa6	Draft	0
019ba37f-9f3e-7817-bed2-840760b86076	ddfa	afaf	0	ILS	2026-01-09 16:03:28.702133+00	[]	0	019b3673-a9e3-7d97-98ce-3fc9b3cf4fa6	Draft	0
019bd06e-5e3d-765c-bc5a-2de963efc163	d	d	0	ILS	2026-01-18 09:27:32.670543+00	[]	0	019b3673-a9e3-7d97-98ce-3fc9b3cf4fa6	Draft	0
019ba366-73a9-70a2-ae5a-37ceb0d87d7c	adc	asdw	0	ILS	2026-01-09 16:02:53.931236+00	[]	0	019b3673-a9e3-7d97-98ce-3fc9b3cf4fa6	Draft	1
019ba369-6759-7d7f-91c7-e544bf15c864	adc	asdw	0	ILS	2026-01-09 15:39:28.149328+00	[]	0	019b3673-a9e3-7d97-98ce-3fc9b3cf4fa6	Draft	1
019bc5c3-c593-74c5-962d-ea3d37271343	רינדור ריאליסטי עם V-Ray	הפכו את המודלים שלכם לתמונות עוצרות נשימה. לימוד תאורה, חומרים ומצלמות.	0	ILS	2026-01-16 15:17:01.463961+00	[{"Path": "courses/019bc5c3-c593-74c5-962d-ea3d37271343/thumbnails/5c0f20a6-d8e3-43e1-94f0-312b35ba6702.png"}]	0	019b3673-a9e3-7d97-98ce-3fc9b3cf4fa6	Draft	3
019bc615-fe27-7fc7-995a-904c85905107	string	string	0	ILS	2026-01-16 09:14:48.744238+00	[]	0	019b3673-a9e3-7d97-98ce-3fc9b3cf4fa6	Draft	0
019bae56-c980-7f7f-9d37-9e65e3f9bf4f	string	string	0	ILS	2026-01-11 18:34:41.921587+00	[]	0	019b3673-a9e3-7d97-98ce-3fc9b3cf4fa6	Draft	0
019bb296-dd44-763d-a8eb-5b9c7100dccd	יסודות עיצוב הפנים	תיאוריה ופרקטיקה בתכנון חלל. איך משלבים צבעים, בוחרים ריהוט ויוצרים הרמוניה בבית.	0	ILS	2026-01-16 15:17:14.791577+00	[{"Path": "courses/019bb296-dd44-763d-a8eb-5b9c7100dccd/thumbnails/16819edf-ecf9-4948-98a2-1acfcd120cbb.png"}]	0	019b3673-a9e3-7d97-98ce-3fc9b3cf4fa6	Draft	3
019ba37f-6c7d-77bc-b538-5f9bac189560	afea	aefaef	0	ILS	2026-01-09 16:03:15.709949+00	[]	0	019b3673-a9e3-7d97-98ce-3fc9b3cf4fa6	Draft	0
019bc715-b81b-78f3-935b-399532c087e8	kmkm	mkmnk	0	ILS	2026-01-16 13:54:08.027982+00	[]	0	019b3673-a9e3-7d97-98ce-3fc9b3cf4fa6	Draft	0
019bd06f-4d05-7a67-a0f1-fab5b27097aa	The Complete Guide to REST APIs in ASP.NET Core	Learn how to build production-ready REST APIs using the latest ASP.NET Core features and best practices. Join 1,600+ other students to improve your API design skills.	0	ILS	2026-01-18 12:28:49.540603+00	[{"Path": "courses/019bd06f-4d05-7a67-a0f1-fab5b27097aa/images/44fcf23c-6bd8-4bfe-88bf-47ed09e87bb6.png"}, {"Path": "courses/019bd06f-4d05-7a67-a0f1-fab5b27097aa/images/5cbb346c-4e6b-4cd0-a79a-ba6a77799660.png"}]	0	019b3673-a9e3-7d97-98ce-3fc9b3cf4fa6	Draft	1
019a778e-ea05-7b08-9308-f381eae6b750	.NET 12	By Dekel Rafian	0	ILS	2026-01-16 15:09:32.398057+00	[{"Path": "courses/019a778e-ea05-7b08-9308-f381eae6b750/thumbnails/74a63068-fe71-4f85-84de-28a973174ee9.png"}]	0	019b3673-a9e3-7d97-98ce-3fc9b3cf4fa6		0
019a6842-95e4-76bd-ac68-7884af14ae5f	אוטוקד (AutoCAD) למתקדמים	שליטה בתוכנת השרטוט הטכני. עבודה נכונה עם שכבות, בלוקים דינמיים והדפסות בקנה מידה.	0	ILS	2026-01-16 15:14:47.485958+00	[{"Path": "courses/019a6842-95e4-76bd-ac68-7884af14ae5f/thumbnails/b9788943-a08d-4014-b65a-c39037a5f809.png"}]	0	019b3673-a9e3-7d97-98ce-3fc9b3cf4fa6		3
019a6842-b9a5-714a-b257-d164982cbc19	קורס רוויט (Revit) למתחילים	למדו את יסודות ה-BIM, תכנון אדריכלי חכם ויצירת תוכניות עבודה מדויקות בתוכנה המובילה בעולם.	0	ILS	2026-01-16 15:12:55.771154+00	[{"Path": "courses/019a6842-b9a5-714a-b257-d164982cbc19/thumbnails/33a57167-e4ab-4d9a-b702-21d36b202f5a.png"}]	0	019b3673-a9e3-7d97-98ce-3fc9b3cf4fa6		3
019a778e-4e98-7e5a-8e86-c2fc7b756f70	סקצ'אפ (SketchUp)	מידול תלת-ממדי מהיר וקל. הקורס ייקח אתכם משרטוט דו-ממדי למודל תלת-ממדי מלא ומפורט.	0	ILS	2026-01-16 15:13:42.600388+00	[{"Path": "courses/019a778e-4e98-7e5a-8e86-c2fc7b756f70/thumbnails/7811cc06-1eb5-4692-9472-e1cc8bfecaa4.png"}]	0	019b3673-a9e3-7d97-98ce-3fc9b3cf4fa6		3
019bd14d-f29e-7dc5-a8a2-711b4b1ed017	לומיון	רינדור לוימון	0	ILS	2026-01-18 13:32:08.185866+00	[{"Path": "courses/019bd14d-f29e-7dc5-a8a2-711b4b1ed017/images/dfa2315d-d01a-46ff-9599-bf89365f354a.jpg"}]	0	019b3673-a9e3-7d97-98ce-3fc9b3cf4fa6	Draft	0
019bdc6e-4299-7988-ab00-4719c1c88805	s		0	ILS	2026-01-20 17:23:06.133147+00	[]	0	019b3673-a9e3-7d97-98ce-3fc9b3cf4fa6	Deleted	0
019bdaa7-27d1-74e6-9436-071f38cb1c5e	קורס לדוגמה		0	ILS	2026-01-20 09:35:37.129645+00	[]	0	019b3673-a9e3-7d97-98ce-3fc9b3cf4fa6	Deleted	1
019bd634-1174-74bf-b4be-0540f322ec2b	גע		0	ILS	2026-01-19 12:21:35.221233+00	[]	0	019b3673-a9e3-7d97-98ce-3fc9b3cf4fa6	Deleted	0
\.


--
-- Data for Name: Enrollments; Type: TABLE DATA; Schema: public; Owner: postgres
--

COPY public."Enrollments" (id, course_id, student_id, enrolled_at_utc, expires_at_utc, status) FROM stdin;
\.


--
-- Data for Name: Lessons; Type: TABLE DATA; Schema: public; Owner: dekel
--

COPY public."Lessons" (id, title, description, video_url, thumbnail_image_url, index, duration, course_id, access, status) FROM stdin;
019a7d0a-b905-7093-a360-b612d3bf4c23	Introduction to ASP.NET Core	Learn the basics of Minimal APIs.	\N	\N	1	00:15:00	019a778e-ea05-7b08-9308-f381eae6b750		
019a7d0b-14a0-7b94-bc91-a4df7aad0fd1	Routing and Endpoints	Deep dive into routing, endpoint mapping, and parameter binding.	\N	\N	2	00:25:00	019a778e-ea05-7b08-9308-f381eae6b750		
019a7d0b-2052-7640-a2af-a6950a6a5e74	Dependency Injection in ASP.NET Core	Understand DI and how to register services in the container.	\N	\N	3	00:20:00	019a778e-ea05-7b08-9308-f381eae6b750		
019a7d0b-2ef1-7dcb-82e2-a53eedf15b3d	Working with Entity Framework Core	Learn CRUD operations and migrations in EF Core.	\N	\N	4	00:30:00	019a778e-ea05-7b08-9308-f381eae6b750		
019a7d0b-3c69-7718-9b51-a801625979cf	Building a REST API	Combine what we've learned to build a full REST API with Minimal APIs.	\N	\N	5	00:40:00	019a778e-ea05-7b08-9308-f381eae6b750		
019bd06f-c60d-7e97-b4f4-2595d7124b9b	Welcome		lessons/019bd06f-c60d-7e97-b4f4-2595d7124b9b/video/e3defefd-0f4d-4aa9-bc65-2fd97b2dc507.mp4	\N	0	00:08:00	019bd06f-4d05-7a67-a0f1-fab5b27097aa	Private	Draft
019bc74c-f763-76c3-bab6-06862be91334	כלי הבסיס והתמצאות במרחב	שימוש בכלי ה-Push/Pull, עבודה עם צירים וניווט במודל.	\N	\N	0	00:00:00	019a778e-4e98-7e5a-8e86-c2fc7b756f70	Private	Draft
019bc74d-198f-7479-8d5c-8cf3d5d4791c	קבוצות וקומפוננטות	למה אסור להשאיר גיאומטריה "דביקה" ואיך עובדים חכם עם רכיבים חוזרים.	\N	\N	1	00:00:00	019a778e-4e98-7e5a-8e86-c2fc7b756f70	Private	Draft
019bc74d-41f1-7459-ac26-a5970fc1036e	חומרים וטקסטורות	צביעת המודל, יבוא טקסטורות והתאמת קנה מידה.	\N	\N	2	00:00:00	019a778e-4e98-7e5a-8e86-c2fc7b756f70	Private	Draft
019bc757-9878-799c-a1df-deb870ca23c6	פקודות עריכה מתקדמות	שימוש ב-Trim, Extend, Mirror, Offset ו-Array בצורה יעילה.	\N	\N	0	00:00:00	019a6842-95e4-76bd-ac68-7884af14ae5f	Private	Draft
019bc757-c035-7e94-8182-2687cf7ba101	ניהול שכבות (Layers)	ארגון השרטוט, עובי קווים וכיבוי והדלקה של אלמנטים.	\N	\N	1	00:00:00	019a6842-95e4-76bd-ac68-7884af14ae5f	Private	Draft
019bc757-e81b-7290-a0ac-a1ff1e14ee35	עבודה עם Layouts והדפסה	עבודה עם Layouts והדפסה	\N	\N	2	00:00:00	019a6842-95e4-76bd-ac68-7884af14ae5f	Private	Draft
019bc758-8814-7818-a86c-c1e296d2d096	תאורה טבעית ומלאכותית	שימוש ב-Dome Light, Sun ו-IES ליצירת אווירה.	\N	\N	0	00:00:00	019bc5c3-c593-74c5-962d-ea3d37271343	Private	Draft
019bc758-aba1-7ada-80e3-3582da3b8819	חומרים מתקדמים	יצירת זכוכית, מים, בטון ועץ עם השתקפויות מדויקות.	\N	\N	1	00:00:00	019bc5c3-c593-74c5-962d-ea3d37271343	Private	Draft
019bc758-d8fb-75c6-8fef-8c81f5f57ef9	הגדרות רינדור סופיות	טיפול ב"רעש" (Denoise), רזולוציה ו-Render Elements.	\N	\N	2	00:00:00	019bc5c3-c593-74c5-962d-ea3d37271343	Private	Draft
019bc759-869e-7d03-8ee3-eda2f79a44f3	הנדסת אנוש וארגונומיה	מרחקים נכונים במטבח, בסלון ובחדר השינה.	\N	\N	0	00:00:00	019bb296-dd44-763d-a8eb-5b9c7100dccd	Private	Draft
019bc759-ab6b-7b60-aa07-7de170126961	תורת הצבעים	גלגל הצבעים, שילובים הרמוניים והשפעה פסיכולוגית.	\N	\N	1	00:00:00	019bb296-dd44-763d-a8eb-5b9c7100dccd	Private	Draft
019ba2de-123e-7a12-82ab-3b8ca7cd7e24	testing the lesson creation feature	lets see how it does.	\N	\N	0	00:00:00	019ba2dd-d210-7b73-b365-64efed135173	Private	Draft
019ba369-a414-7b72-9177-a8e2e351c225	testing the lesson creation feature	lets see how it does.	\N	\N	0	00:00:00	019ba369-6759-7d7f-91c7-e544bf15c864	Private	Draft
019bc759-c8ae-7221-b015-aceb3eb71acc	בניית לוח השראה (Moodboard)	איך לגבש קונספט עיצובי ולהציג אותו ללקוח.	\N	\N	2	00:00:00	019bb296-dd44-763d-a8eb-5b9c7100dccd	Private	Draft
019ba37e-f55d-7664-a64b-58648d34122c	asfqaefaefaf	sgesgs	\N	\N	0	00:00:00	019ba366-73a9-70a2-ae5a-37ceb0d87d7c	Private	Draft
019ba3ab-c6ba-7e88-be02-991b3840bb69	hell	dasfwaf	\N	\N	0	00:00:00	019ba2b5-873e-71fa-b0de-2454e49545ee	Private	Draft
019bc74b-a3bc-7b5a-87d2-5e2d63b8b6d3	מבוא לממשק ויצירת קירות	הכרת סביבת העבודה, יצירת פרויקט חדש ועבודה עם קירות בסיסיים.	\N	\N	0	00:00:00	019a6842-b9a5-714a-b257-d164982cbc19	Private	Draft
019bc74b-e64e-71ee-bd3e-aeec0ed4bba8	דלתות, חלונות ורצפות	הוספת אלמנטים אדריכליים למודל ועריכת המשפחות (Families).	\N	\N	1	00:00:00	019a6842-b9a5-714a-b257-d164982cbc19	Private	Draft
019bc74c-17d8-76ed-a279-a9a5df8bf181	הפקת חתכים וגיליונות	איך לייצר חתכים אוטומטיים ולהכין את הגרמושקה להדפסה.	\N	\N	2	00:00:00	019a6842-b9a5-714a-b257-d164982cbc19	Private	Draft
019bdac2-7aa9-71fd-89ef-8a51305977f3	קככגד		\N	\N	0	00:00:00	019bdaa7-27d1-74e6-9436-071f38cb1c5e	Private	Draft
\.


--
-- Data for Name: Users; Type: TABLE DATA; Schema: public; Owner: postgres
--

COPY public."Users" (id, first_name, last_name, email, avatar_url) FROM stdin;
019b66b2-9baf-7548-af14-a9d8d85bde5e	safaefa	safaefa	safaefa@safaefa.safaefa	
019bd4f1-92e3-7ad4-9e48-b91eebae9627	admin	admin	admin@admin.com	
019bd515-3163-7306-8009-1e28096c1aaa	agfwaf	agfwaf	agfwaf@agfwaf.com	\N
019bd516-93de-7504-af19-e4eba6933149	afawwfaw	afawwfaw	afawwfaw@afawwfaw.com	\N
019bd51c-78e7-7df8-bae9-c2fbea3feadc	ehaegfs	ehaegfs	ehaegfs@ehaegfs.com	\N
019bd51e-6748-7aaa-97f7-7ff0abdd52c3	aegag	aegag	aegag@aegag.com	\N
019bd53e-e18d-7be1-acca-8fb58eb30f8c	egasdzvf	egasdzvf	egasdzvf@egasdzvf.com	\N
019bd548-2f9c-77b9-a9aa-7432b84b0299	gewafascf	gewafascf	gewafascf@gewafascf.com	\N
019bd554-d301-7e9b-a931-bfa0e5a2a23f	gfaewga	gfaewga	gfaewga@gfaewga.com	\N
019b3673-a9e3-7d97-98ce-3fc9b3cf4fa6	dekel	rafian	dekel5030@gmail.com	
\.


--
-- Data for Name: __EFMigrationsHistory; Type: TABLE DATA; Schema: public; Owner: dekel
--

COPY public."__EFMigrationsHistory" (migration_id, product_version) FROM stdin;
20251107110632_InitialCreate	9.0.10
20260102052027_Domain_Enrichment	9.0.10
20260107184918_Added_Course_Lesson_Count	9.0.10
20260109074709_Added_Course_Soft_Delete	9.0.10
20260119062503_Added_User	10.0.1
20260119090855_Make_Instructor_Id_Mandatory	10.0.1
20260119091958_Remove_Instructor_Default_Value	10.0.1
20260119095145_Added_Instructor_Navigation	10.0.1
20260120083023_Update_Enrollment	10.0.1
20260120171618_Refactor_Enrollment	10.0.1
\.


--
-- Data for Name: inbox_state; Type: TABLE DATA; Schema: public; Owner: dekel
--

COPY public.inbox_state (id, message_id, consumer_id, lock_id, row_version, received, receive_count, expiration_time, consumed, delivered, last_sequence_number) FROM stdin;
11	280c0000-07d6-5dce-daf9-08de4f9c7bfe	a2c0acb5-cc1e-ecf5-1ac3-55593b98bfd2	a8470000-07d6-5dce-3f7b-08de4f9c7c06	\N	2026-01-09 16:31:04.75191+00	0	\N	\N	\N	\N
12	280c0000-07d6-5dce-0791-08de4f9c887f	a2c0acb5-cc1e-ecf5-1ac3-55593b98bfd2	a8470000-07d6-5dce-ee49-08de4f9c887f	\N	2026-01-09 16:31:25.681912+00	0	\N	\N	\N	\N
\.


--
-- Data for Name: outbox_message; Type: TABLE DATA; Schema: public; Owner: dekel
--

COPY public.outbox_message (sequence_number, enqueue_time, sent_time, headers, properties, inbox_message_id, inbox_consumer_id, outbox_id, message_id, content_type, message_type, body, conversation_id, correlation_id, initiator_id, request_id, source_address, destination_address, response_address, fault_address, expiration_time) FROM stdin;
\.


--
-- Data for Name: outbox_state; Type: TABLE DATA; Schema: public; Owner: dekel
--

COPY public.outbox_state (outbox_id, lock_id, row_version, created, delivered, last_sequence_number) FROM stdin;
\.


--
-- Name: inbox_state_id_seq; Type: SEQUENCE SET; Schema: public; Owner: dekel
--

SELECT pg_catalog.setval('public.inbox_state_id_seq', 35, true);


--
-- Name: outbox_message_sequence_number_seq; Type: SEQUENCE SET; Schema: public; Owner: dekel
--

SELECT pg_catalog.setval('public.outbox_message_sequence_number_seq', 1, false);


--
-- Name: inbox_state ak_inbox_state_message_id_consumer_id; Type: CONSTRAINT; Schema: public; Owner: dekel
--

ALTER TABLE ONLY public.inbox_state
    ADD CONSTRAINT ak_inbox_state_message_id_consumer_id UNIQUE (message_id, consumer_id);


--
-- Name: __EFMigrationsHistory pk___ef_migrations_history; Type: CONSTRAINT; Schema: public; Owner: dekel
--

ALTER TABLE ONLY public."__EFMigrationsHistory"
    ADD CONSTRAINT pk___ef_migrations_history PRIMARY KEY (migration_id);


--
-- Name: Courses pk_courses; Type: CONSTRAINT; Schema: public; Owner: dekel
--

ALTER TABLE ONLY public."Courses"
    ADD CONSTRAINT pk_courses PRIMARY KEY (id);


--
-- Name: Enrollments pk_enrollments; Type: CONSTRAINT; Schema: public; Owner: postgres
--

ALTER TABLE ONLY public."Enrollments"
    ADD CONSTRAINT pk_enrollments PRIMARY KEY (id);


--
-- Name: inbox_state pk_inbox_state; Type: CONSTRAINT; Schema: public; Owner: dekel
--

ALTER TABLE ONLY public.inbox_state
    ADD CONSTRAINT pk_inbox_state PRIMARY KEY (id);


--
-- Name: Lessons pk_lessons; Type: CONSTRAINT; Schema: public; Owner: dekel
--

ALTER TABLE ONLY public."Lessons"
    ADD CONSTRAINT pk_lessons PRIMARY KEY (id);


--
-- Name: outbox_message pk_outbox_message; Type: CONSTRAINT; Schema: public; Owner: dekel
--

ALTER TABLE ONLY public.outbox_message
    ADD CONSTRAINT pk_outbox_message PRIMARY KEY (sequence_number);


--
-- Name: outbox_state pk_outbox_state; Type: CONSTRAINT; Schema: public; Owner: dekel
--

ALTER TABLE ONLY public.outbox_state
    ADD CONSTRAINT pk_outbox_state PRIMARY KEY (outbox_id);


--
-- Name: Users pk_users; Type: CONSTRAINT; Schema: public; Owner: postgres
--

ALTER TABLE ONLY public."Users"
    ADD CONSTRAINT pk_users PRIMARY KEY (id);


--
-- Name: ix_courses_instructor_id; Type: INDEX; Schema: public; Owner: dekel
--

CREATE INDEX ix_courses_instructor_id ON public."Courses" USING btree (instructor_id);


--
-- Name: ix_enrollments_course_id_student_id; Type: INDEX; Schema: public; Owner: postgres
--

CREATE UNIQUE INDEX ix_enrollments_course_id_student_id ON public."Enrollments" USING btree (course_id, student_id) WHERE (status = 'Active'::text);


--
-- Name: ix_enrollments_student_id; Type: INDEX; Schema: public; Owner: postgres
--

CREATE INDEX ix_enrollments_student_id ON public."Enrollments" USING btree (student_id);


--
-- Name: ix_inbox_state_delivered; Type: INDEX; Schema: public; Owner: dekel
--

CREATE INDEX ix_inbox_state_delivered ON public.inbox_state USING btree (delivered);


--
-- Name: ix_lessons_course_id_index; Type: INDEX; Schema: public; Owner: dekel
--

CREATE UNIQUE INDEX ix_lessons_course_id_index ON public."Lessons" USING btree (course_id, index);


--
-- Name: ix_outbox_message_enqueue_time; Type: INDEX; Schema: public; Owner: dekel
--

CREATE INDEX ix_outbox_message_enqueue_time ON public.outbox_message USING btree (enqueue_time);


--
-- Name: ix_outbox_message_expiration_time; Type: INDEX; Schema: public; Owner: dekel
--

CREATE INDEX ix_outbox_message_expiration_time ON public.outbox_message USING btree (expiration_time);


--
-- Name: ix_outbox_message_inbox_message_id_inbox_consumer_id_sequence_; Type: INDEX; Schema: public; Owner: dekel
--

CREATE UNIQUE INDEX ix_outbox_message_inbox_message_id_inbox_consumer_id_sequence_ ON public.outbox_message USING btree (inbox_message_id, inbox_consumer_id, sequence_number);


--
-- Name: ix_outbox_message_outbox_id_sequence_number; Type: INDEX; Schema: public; Owner: dekel
--

CREATE UNIQUE INDEX ix_outbox_message_outbox_id_sequence_number ON public.outbox_message USING btree (outbox_id, sequence_number);


--
-- Name: ix_outbox_state_created; Type: INDEX; Schema: public; Owner: dekel
--

CREATE INDEX ix_outbox_state_created ON public.outbox_state USING btree (created);


--
-- Name: Courses fk_courses_users_instructor_id; Type: FK CONSTRAINT; Schema: public; Owner: dekel
--

ALTER TABLE ONLY public."Courses"
    ADD CONSTRAINT fk_courses_users_instructor_id FOREIGN KEY (instructor_id) REFERENCES public."Users"(id) ON DELETE RESTRICT;


--
-- Name: Enrollments fk_enrollments_courses_course_id; Type: FK CONSTRAINT; Schema: public; Owner: postgres
--

ALTER TABLE ONLY public."Enrollments"
    ADD CONSTRAINT fk_enrollments_courses_course_id FOREIGN KEY (course_id) REFERENCES public."Courses"(id) ON DELETE RESTRICT;


--
-- Name: Enrollments fk_enrollments_users_student_id; Type: FK CONSTRAINT; Schema: public; Owner: postgres
--

ALTER TABLE ONLY public."Enrollments"
    ADD CONSTRAINT fk_enrollments_users_student_id FOREIGN KEY (student_id) REFERENCES public."Users"(id) ON DELETE RESTRICT;


--
-- Name: Lessons fk_lessons_courses_course_id; Type: FK CONSTRAINT; Schema: public; Owner: dekel
--

ALTER TABLE ONLY public."Lessons"
    ADD CONSTRAINT fk_lessons_courses_course_id FOREIGN KEY (course_id) REFERENCES public."Courses"(id) ON DELETE CASCADE;


--
-- Name: outbox_message fk_outbox_message_inbox_state_inbox_message_id_inbox_consumer_; Type: FK CONSTRAINT; Schema: public; Owner: dekel
--

ALTER TABLE ONLY public.outbox_message
    ADD CONSTRAINT fk_outbox_message_inbox_state_inbox_message_id_inbox_consumer_ FOREIGN KEY (inbox_message_id, inbox_consumer_id) REFERENCES public.inbox_state(message_id, consumer_id);


--
-- Name: outbox_message fk_outbox_message_outbox_state_outbox_id; Type: FK CONSTRAINT; Schema: public; Owner: dekel
--

ALTER TABLE ONLY public.outbox_message
    ADD CONSTRAINT fk_outbox_message_outbox_state_outbox_id FOREIGN KEY (outbox_id) REFERENCES public.outbox_state(outbox_id);


--
-- PostgreSQL database dump complete
--

\unrestrict tZmSfwdGj0vyoRcTzcyfSc6jzRkAkQVgDaReJQaOJ5p9K1VvQzqHqsaVVoWXAPR

